lyrics_test1,neg,noneg
lyrics_test2,neg,noneg
lyrics_test3,noneg,noneg
lyrics_test4,noneg,noneg
lyrics_test5,noneg,noneg
lyrics_test6,neg,neg
lyrics_test7,neg,neg
lyrics_test8,noneg,noneg
lyrics_test9,noneg,noneg
lyrics_test10,neg,noneg
lyrics_test11,noneg,noneg
lyrics_test12,noneg,noneg
lyrics_test13,neg,neg
lyrics_test14,noneg,noneg
lyrics_test15,neg,noneg
lyrics_test16,neg,noneg
lyrics_test17,noneg,noneg
lyrics_test18,noneg,noneg
lyrics_test19,neg,noneg
lyrics_test20,neg,noneg
lyrics_test21,neg,noneg
lyrics_test22,neg,noneg
lyrics_test23,noneg,noneg
lyrics_test24,noneg,noneg
lyrics_test25,noneg,noneg
lyrics_test26,noneg,noneg
lyrics_test27,noneg,noneg
lyrics_test28,neg,neg
lyrics_test29,neg,neg
lyrics_test30,noneg,noneg
lyrics_test31,neg,noneg
lyrics_test32,neg,neg
lyrics_test33,neg,noneg
lyrics_test34,neg,noneg
lyrics_test35,noneg,noneg
lyrics_test36,neg,neg
lyrics_test37,noneg,noneg
lyrics_test38,noneg,noneg
lyrics_test39,noneg,noneg
lyrics_test40,noneg,noneg
lyrics_test41,noneg,noneg
lyrics_test42,neg,neg
lyrics_test43,noneg,noneg
lyrics_test44,noneg,noneg
lyrics_test45,noneg,noneg
lyrics_test46,neg,noneg
lyrics_test47,noneg,noneg
lyrics_test48,neg,neg
lyrics_test49,noneg,noneg
lyrics_test50,neg,noneg
lyrics_test51,noneg,noneg
lyrics_test52,noneg,noneg
lyrics_test53,neg,noneg
lyrics_test54,neg,noneg
lyrics_test55,noneg,noneg
lyrics_test56,neg,noneg
lyrics_test57,noneg,noneg
lyrics_test58,neg,neg
lyrics_test59,neg,noneg
lyrics_test60,noneg,noneg
lyrics_test61,neg,noneg
lyrics_test62,neg,neg
lyrics_test63,neg,neg
lyrics_test64,neg,neg
lyrics_test65,neg,neg
lyrics_test66,neg,neg
lyrics_test67,noneg,noneg
lyrics_test68,neg,neg
lyrics_test69,neg,neg
lyrics_test70,neg,neg
lyrics_test71,noneg,noneg
lyrics_test72,noneg,noneg
lyrics_test73,neg,neg
lyrics_test74,noneg,noneg
lyrics_test75,neg,neg
lyrics_test76,neg,neg
lyrics_test77,neg,neg
lyrics_test78,neg,neg
lyrics_test79,noneg,noneg
lyrics_test80,noneg,noneg
lyrics_test81,neg,neg
lyrics_test82,noneg,noneg
lyrics_test83,noneg,noneg
lyrics_test84,neg,neg
lyrics_test85,neg,neg
lyrics_test86,noneg,noneg
lyrics_test87,noneg,noneg
lyrics_test88,noneg,noneg
lyrics_test89,noneg,noneg
lyrics_test90,noneg,neg
lyrics_test91,neg,noneg
lyrics_test92,noneg,noneg
lyrics_test93,neg,noneg
lyrics_test94,neg,noneg
lyrics_test95,noneg,noneg
lyrics_test96,noneg,noneg
lyrics_test97,noneg,noneg
lyrics_test98,noneg,noneg
lyrics_test99,noneg,noneg
lyrics_test100,noneg,noneg
lyrics_test101,noneg,noneg
lyrics_test102,noneg,noneg
lyrics_test103,noneg,noneg
lyrics_test104,neg,neg
lyrics_test105,neg,neg
lyrics_test106,neg,noneg
lyrics_test107,neg,neg
lyrics_test108,neg,neg
lyrics_test109,noneg,noneg
lyrics_test110,neg,neg
lyrics_test111,neg,neg
lyrics_test112,noneg,noneg
lyrics_test113,noneg,noneg
lyrics_test114,noneg,noneg
lyrics_test115,noneg,noneg
lyrics_test116,nr,noneg
lyrics_test117,neg,neg
lyrics_test118,neg,noneg
lyrics_test119,neg,neg
lyrics_test120,neg,neg
lyrics_test121,neg,neg
lyrics_test122,neg,neg
lyrics_test123,neg,noneg
lyrics_test124,neg,neg
lyrics_test125,neg,noneg
lyrics_test126,neg,noneg
lyrics_test127,noneg,noneg
lyrics_test128,noneg,noneg
lyrics_test129,neg,neg
lyrics_test130,neg,noneg
lyrics_test131,neg,noneg
lyrics_test132,neg,noneg
lyrics_test133,neg,noneg
lyrics_test134,neg,noneg
lyrics_test135,neg,neg
lyrics_test136,noneg,noneg
lyrics_test137,neg,noneg
lyrics_test138,noneg,noneg
lyrics_test139,noneg,noneg
lyrics_test140,noneg,noneg
lyrics_test141,noneg,noneg
lyrics_test142,neg,noneg
lyrics_test143,neg,noneg
lyrics_test144,noneg,noneg
lyrics_test145,neg,neg
lyrics_test146,noneg,noneg
lyrics_test147,neg,noneg
lyrics_test148,neg,neg
lyrics_test149,noneg,noneg
lyrics_test150,noneg,noneg
lyrics_test151,noneg,noneg
lyrics_test152,neg,noneg
lyrics_test153,noneg,noneg
lyrics_test154,noneg,noneg
lyrics_test155,neg,noneg
lyrics_test156,noneg,noneg
lyrics_test157,neg,neg
lyrics_test158,noneg,noneg
lyrics_test159,noneg,noneg
lyrics_test160,noneg,noneg
lyrics_test161,neg,neg
lyrics_test162,noneg,noneg
lyrics_test163,noneg,noneg
lyrics_test164,neg,neg
lyrics_test165,noneg,noneg
lyrics_test166,noneg,noneg
lyrics_test167,neg,neg
lyrics_test168,neg,noneg
lyrics_test169,neg,noneg
lyrics_test170,noneg,noneg
lyrics_test171,neg,neg
lyrics_test172,neg,neg
lyrics_test173,noneg,neg
lyrics_test174,noneg,noneg
lyrics_test175,noneg,noneg
lyrics_test176,noneg,noneg
lyrics_test177,neg,noneg
lyrics_test178,neg,neg
lyrics_test179,neg,neg
lyrics_test180,neg,neg
lyrics_test181,noneg,noneg
lyrics_test182,noneg,noneg
lyrics_test183,noneg,noneg
lyrics_test184,neg,noneg
lyrics_test185,noneg,noneg
lyrics_test186,neg,neg
lyrics_test187,neg,neg
lyrics_test188,noneg,noneg
lyrics_test189,noneg,noneg
lyrics_test190,noneg,noneg
lyrics_test191,noneg,noneg
lyrics_test192,noneg,noneg
lyrics_test193,neg,neg
lyrics_test194,noneg,noneg
lyrics_test195,neg,neg
lyrics_test196,noneg,noneg
lyrics_test197,noneg,noneg
lyrics_test198,noneg,noneg
lyrics_test199,neg,neg
lyrics_test200,noneg,noneg
lyrics_test201,neg,noneg
lyrics_test202,neg,noneg
lyrics_test203,noneg,noneg
lyrics_test204,neg,noneg
lyrics_test205,neg,neg
lyrics_test206,noneg ,noneg
lyrics_test207,neg,neg
lyrics_test208,noneg,noneg
lyrics_test209,neg,neg
lyrics_test210,noneg,noneg
lyrics_test211,noneg,noneg
lyrics_test212,neg,neg
lyrics_test213,noneg,noneg
lyrics_test214,neg,neg
lyrics_test215,noneg,noneg
lyrics_test216,neg,noneg
lyrics_test217,neg,neg
lyrics_test218,neg,neg
lyrics_test219,neg,neg
lyrics_test220,neg,neg
lyrics_test221,noneg,noneg
lyrics_test222,neg,noneg
lyrics_test223,neg,noneg
lyrics_test224,neg,noneg
lyrics_test225,noneg,noneg
lyrics_test226,neg,neg
lyrics_test227,noneg,neg
lyrics_test228,neg,noneg
lyrics_test229,neg,noneg
lyrics_test230,neg,neg
lyrics_test231,neg,neg
lyrics_test232,neg,neg
lyrics_test233,noneg,noneg
lyrics_test234,neg,neg
lyrics_test235,neg,neg
lyrics_test236,noneg,noneg
lyrics_test237,neg,neg
lyrics_test238,neg,neg
lyrics_test239,noneg,noneg
lyrics_test240,noneg,noneg
lyrics_test241,neg,noneg
lyrics_test242,noneg,noneg
lyrics_test243,neg,noneg
lyrics_test244,neg,noneg
lyrics_test245,neg,neg
lyrics_test246,noneg,noneg
lyrics_test247,noneg,noneg
lyrics_test248,noneg ,noneg
lyrics_test249,neg,neg
lyrics_test250,neg,neg
lyrics_test251,neg,neg
lyrics_test252,neg,neg
lyrics_test253,neg,noneg
lyrics_test254,neg,neg
lyrics_test255,neg,neg
lyrics_test256,neg,neg
lyrics_test257,neg,neg
lyrics_test258,neg,noneg
lyrics_test259,noneg,noneg
lyrics_test260,neg,noneg
lyrics_test261,neg,noneg
lyrics_test262,neg,neg
lyrics_test263,neg,neg
lyrics_test264,neg,neg
lyrics_test265,neg,neg
lyrics_test266,neg,neg
lyrics_test267,neg,neg
lyrics_test268,neg,neg
lyrics_test269,noneg,noneg
lyrics_test270,neg,neg
lyrics_test271,neg,neg
lyrics_test272,neg,neg
lyrics_test273,neg,neg
lyrics_test274,neg,neg
lyrics_test275,neg,noneg
lyrics_test276,noneg,noneg
lyrics_test277,noneg,noneg
lyrics_test278,noneg,noneg
lyrics_test279,neg,noneg
lyrics_test280,neg,noneg
lyrics_test281,neg,neg
lyrics_test282,neg,neg
lyrics_test283,neg,neg
lyrics_test284,noneg,noneg
lyrics_test285,neg,neg
lyrics_test286,neg,neg
lyrics_test287,noneg,noneg
lyrics_test288,neg,noneg
lyrics_test289,neg,neg
lyrics_test290,neg,neg
lyrics_test291,noneg,noneg
lyrics_test292,noneg,noneg
lyrics_test293,noneg,neg
lyrics_test294,noneg,noneg
lyrics_test295,neg,noneg
lyrics_test296,noneg,noneg
lyrics_test297,neg,neg
lyrics_test298,neg,noneg
lyrics_test299,noneg,noneg
lyrics_test300,noneg,noneg
lyrics_test301,neg,neg
lyrics_test302,neg,noneg
lyrics_test303,noneg,noneg
lyrics_test304,neg,neg
lyrics_test305,neg,neg
lyrics_test306,neg,neg
lyrics_test307,neg,neg
lyrics_test308,neg,neg
lyrics_test309,neg,neg
lyrics_test310,noneg,noneg
lyrics_test311,noneg,noneg
lyrics_test312,neg,noneg
lyrics_test313,noneg,noneg
lyrics_test314,neg,neg
lyrics_test315,neg,neg
lyrics_test316,neg,neg
lyrics_test317,noneg,noneg
lyrics_test318,noneg,noneg
lyrics_test319,neg,noneg
lyrics_test320,neg,neg
lyrics_test321,noneg,noneg
lyrics_test322,noneg,noneg
lyrics_test323,noneg,noneg
lyrics_test324,neg,neg
lyrics_test325,noneg,noneg
lyrics_test326,noneg,noneg
lyrics_test327,neg,noneg
lyrics_test328,noneg,noneg
lyrics_test329,noneg,noneg
lyrics_test330,neg,noneg
lyrics_test331,noneg,noneg
lyrics_test332,noneg,noneg
lyrics_test333,noneg,noneg
lyrics_test334,neg,noneg
lyrics_test335,neg,noneg
lyrics_test336,neg,noneg
lyrics_test337,noneg,noneg
lyrics_test338,noneg,noneg
lyrics_test339,neg,noneg
lyrics_test340,noneg,noneg
lyrics_test341,noneg,noneg
lyrics_test342,noneg,neg
lyrics_test343,noneg,noneg
lyrics_test344,noneg,noneg
lyrics_test345,noneg,noneg
lyrics_test346,neg,noneg
lyrics_test347,noneg,noneg
lyrics_test348,noneg,noneg
lyrics_test349,noneg,noneg
lyrics_test350,neg,neg
lyrics_test351,neg,neg
lyrics_test352,noneg,noneg
lyrics_test353,neg,neg
lyrics_test354,neg,neg
lyrics_test355,noneg,noneg
lyrics_test356,noneg,noneg
lyrics_test357,noneg,noneg
lyrics_test358,neg,noneg
lyrics_test359,neg,noneg
lyrics_test360,noneg,noneg
lyrics_test361,noneg,noneg
lyrics_test362,noneg,noneg
lyrics_test363,noneg,noneg
lyrics_test364,noneg,noneg
