lyrics_test1,nontr,ntr
lyrics_test2,nontr,ntr
lyrics_test3,nontr,ntr
lyrics_test4,ntr,ntr
lyrics_test5,nontr,ntr
lyrics_test6,nontr,nontr
lyrics_test7,nontr,nontr
lyrics_test8,nontr,nontr
lyrics_test9,ntr,ntr
lyrics_test10,nontr,ntr
lyrics_test11,ntr,ntr
lyrics_test12,nontr,nontr
lyrics_test13,nontr,nontr
lyrics_test14,ntr,ntr
lyrics_test15,nontr,ntr
lyrics_test16,nontr,ntr
lyrics_test17,ntr,ntr
lyrics_test18,nontr,nontr
lyrics_test19,nontr,ntr
lyrics_test20,nontr,ntr
lyrics_test21,nontr,ntr
lyrics_test22,nontr,ntr
lyrics_test23,nontr,nontr
lyrics_test24,nontr,nontr
lyrics_test25,nontr,nontr
lyrics_test26,nontr,nontr
lyrics_test27,ntr,ntr
lyrics_test28,nontr,nontr
lyrics_test29,nontr,nontr
lyrics_test30,ntr,ntr
lyrics_test31,nontr,ntr
lyrics_test32,nontr,nontr
lyrics_test33,nontr,ntr
lyrics_test34,nontr,ntr
lyrics_test35,ntr,ntr
lyrics_test36,nontr,nontr
lyrics_test37,nontr,nontr
lyrics_test38,nontr,nontr
lyrics_test39,nontr,nontr
lyrics_test40,nontr,nontr
lyrics_test41,ntr,ntr
lyrics_test42,nontr,nontr
lyrics_test43,ntr,ntr
lyrics_test44,ntr,ntr
lyrics_test45,ntr,ntr
lyrics_test46,nontr,ntr
lyrics_test47,ntr,ntr
lyrics_test48,nontr,nontr
lyrics_test49,ntr,ntr
lyrics_test50,nontr,ntr
lyrics_test51,nontr,ntr
lyrics_test52,ntr,ntr
lyrics_test53,nontr,ntr
lyrics_test54,nontr,ntr
lyrics_test55,nontr,ntr
lyrics_test56,nontr,ntr
lyrics_test57,nontr,ntr
lyrics_test58,nontr,nontr
lyrics_test59,nontr,ntr
lyrics_test60,ntr,ntr
lyrics_test61,nontr,ntr
lyrics_test62,nontr,nontr
lyrics_test63,nontr,nontr
lyrics_test64,nontr,nontr
lyrics_test65,nontr,nontr
lyrics_test66,nontr,nontr
lyrics_test67,nontr,ntr
lyrics_test68,nontr,nontr
lyrics_test69,nontr,nontr
lyrics_test70,nontr,nontr
lyrics_test71,ntr,ntr
lyrics_test72,ntr,ntr
lyrics_test73,nontr,nontr
lyrics_test74,ntr,ntr
lyrics_test75,nontr,nontr
lyrics_test76,nontr,nontr
lyrics_test77,nontr,nontr
lyrics_test78,nontr,nontr
lyrics_test79,ntr,ntr
lyrics_test80,ntr,ntr
lyrics_test81,nontr,nontr
lyrics_test82,ntr,ntr
lyrics_test83,nontr,ntr
lyrics_test84,nontr,nontr
lyrics_test85,nontr,nontr
lyrics_test86,nontr,ntr
lyrics_test87,nontr,nontr
lyrics_test88,nontr,nontr
lyrics_test89,nontr,nontr
lyrics_test90,nontr,nontr
lyrics_test91,nontr,ntr
lyrics_test92,nontr,ntr
lyrics_test93,nontr,ntr
lyrics_test94,nontr,ntr
lyrics_test95,ntr,ntr
lyrics_test96,ntr,ntr
lyrics_test97,nontr,ntr
lyrics_test98,ntr,ntr
lyrics_test99,ntr,ntr
lyrics_test100,ntr,ntr
lyrics_test101,nontr,nontr
lyrics_test102,ntr,ntr
lyrics_test103,ntr,ntr
lyrics_test104,nontr,nontr
lyrics_test105,nontr,nontr
lyrics_test106,nontr,ntr
lyrics_test107,nontr,nontr
lyrics_test108,nontr,nontr
lyrics_test109,ntr,ntr
lyrics_test110,nontr,nontr
lyrics_test111,nontr,nontr
lyrics_test112,ntr,ntr
lyrics_test113,nontr,nontr
lyrics_test114,nontr,nontr
lyrics_test115,nontr,nontr
lyrics_test116,nr,ntr
lyrics_test117,nontr,nontr
lyrics_test118,nontr,ntr
lyrics_test119,nontr,nontr
lyrics_test120,nontr,nontr
lyrics_test121,nontr,nontr
lyrics_test122,nontr,nontr
lyrics_test123,nontr,ntr
lyrics_test124,nontr,nontr
lyrics_test125,nontr,ntr
lyrics_test126,nontr,nontr
lyrics_test127,ntr,ntr
lyrics_test128,ntr,ntr
lyrics_test129,nontr,nontr
lyrics_test130,nontr,ntr
lyrics_test131,nontr,ntr
lyrics_test132,nontr,ntr
lyrics_test133,nontr,ntr
lyrics_test134,nontr,ntr
lyrics_test135,nontr,nontr
lyrics_test136,ntr,ntr
lyrics_test137,nontr,nontr
lyrics_test138,nontr,nontr
lyrics_test139,ntr,ntr
lyrics_test140,nontr,ntr
lyrics_test141,ntr,ntr
lyrics_test142,nontr,ntr
lyrics_test143,nontr,ntr
lyrics_test144,ntr,ntr
lyrics_test145,nontr,nontr
lyrics_test146,ntr,ntr
lyrics_test147,nontr,ntr
lyrics_test148,nontr,nontr
lyrics_test149,nontr,ntr
lyrics_test150,ntr,ntr
lyrics_test151,ntr,ntr
lyrics_test152,nontr,ntr
lyrics_test153,nontr,ntr
lyrics_test154,ntr,ntr
lyrics_test155,nontr,ntr
lyrics_test156,nontr,ntr
lyrics_test157,nontr,nontr
lyrics_test158,ntr,ntr
lyrics_test159,nontr,ntr
lyrics_test160,nontr,ntr
lyrics_test161,nontr,nontr
lyrics_test162,ntr,ntr
lyrics_test163,ntr,ntr
lyrics_test164,nontr,nontr
lyrics_test165,ntr,ntr
lyrics_test166,ntr,ntr
lyrics_test167,nontr,nontr
lyrics_test168,nontr,ntr
lyrics_test169,nontr,ntr
lyrics_test170,ntr,ntr
lyrics_test171,nontr,nontr
lyrics_test172,nontr,nontr
lyrics_test173,ntr,nontr
lyrics_test174,ntr,ntr
lyrics_test175,ntr,ntr
lyrics_test176,ntr,ntr
lyrics_test177,nontr,ntr
lyrics_test178,nontr,nontr
lyrics_test179,nontr,nontr
lyrics_test180,nontr,nontr
lyrics_test181,ntr,ntr
lyrics_test182,ntr,ntr
lyrics_test183,ntr,ntr
lyrics_test184,nontr,ntr
lyrics_test185,ntr,ntr
lyrics_test186,nontr,nontr
lyrics_test187,nontr,nontr
lyrics_test188,ntr,ntr
lyrics_test189,ntr,ntr
lyrics_test190,nontr,ntr
lyrics_test191,nontr,ntr
lyrics_test192,nontr,nontr
lyrics_test193,nontr,nontr
lyrics_test194,ntr,ntr
lyrics_test195,nontr,nontr
lyrics_test196,ntr,ntr
lyrics_test197,ntr,nontr
lyrics_test198,ntr,ntr
lyrics_test199,nontr,nontr
lyrics_test200,ntr,ntr
lyrics_test201,nontr,ntr
lyrics_test202,nontr,ntr
lyrics_test203,ntr,ntr
lyrics_test204,nontr,ntr
lyrics_test205,nontr,nontr
lyrics_test206,nontr ,ntr
lyrics_test207,nontr,nontr
lyrics_test208,ntr,ntr
lyrics_test209,nontr,nontr
lyrics_test210,ntr,nontr
lyrics_test211,nontr,nontr
lyrics_test212,nontr,nontr
lyrics_test213,ntr,ntr
lyrics_test214,nontr,nontr
lyrics_test215,ntr,ntr
lyrics_test216,nontr,ntr
lyrics_test217,nontr,nontr
lyrics_test218,nontr,nontr
lyrics_test219,nontr,nontr
lyrics_test220,nontr,nontr
lyrics_test221,ntr,ntr
lyrics_test222,nontr,ntr
lyrics_test223,nontr,ntr
lyrics_test224,nontr,ntr
lyrics_test225,ntr,ntr
lyrics_test226,nontr,nontr
lyrics_test227,ntr,nontr
lyrics_test228,nontr,ntr
lyrics_test229,nontr,ntr
lyrics_test230,nontr,nontr
lyrics_test231,nontr,nontr
lyrics_test232,nontr,nontr
lyrics_test233,nontr,nontr
lyrics_test234,nontr,nontr
lyrics_test235,nontr,nontr
lyrics_test236,ntr,ntr
lyrics_test237,nontr,nontr
lyrics_test238,nontr,nontr
lyrics_test239,ntr,ntr
lyrics_test240,ntr,ntr
lyrics_test241,nontr,ntr
lyrics_test242,ntr,ntr
lyrics_test243,nontr,ntr
lyrics_test244,nontr,ntr
lyrics_test245,nontr,nontr
lyrics_test246,nontr,ntr
lyrics_test247,ntr,ntr
lyrics_test248,ntr ,ntr
lyrics_test249,nontr,nontr
lyrics_test250,nontr,nontr
lyrics_test251,nontr,nontr
lyrics_test252,nontr,nontr
lyrics_test253,nontr,ntr
lyrics_test254,nontr,nontr
lyrics_test255,nontr,nontr
lyrics_test256,nontr,nontr
lyrics_test257,nontr,nontr
lyrics_test258,nontr,ntr
lyrics_test259,ntr,ntr
lyrics_test260,nontr,ntr
lyrics_test261,nontr,ntr
lyrics_test262,nontr,nontr
lyrics_test263,nontr,nontr
lyrics_test264,nontr,nontr
lyrics_test265,nontr,nontr
lyrics_test266,nontr,nontr
lyrics_test267,nontr,nontr
lyrics_test268,nontr,nontr
lyrics_test269,ntr,ntr
lyrics_test270,nontr,nontr
lyrics_test271,nontr,nontr
lyrics_test272,nontr,nontr
lyrics_test273,nontr,nontr
lyrics_test274,nontr,nontr
lyrics_test275,nontr,ntr
lyrics_test276,ntr,ntr
lyrics_test277,ntr,ntr
lyrics_test278,ntr,ntr
lyrics_test279,nontr,ntr
lyrics_test280,nontr,ntr
lyrics_test281,nontr,nontr
lyrics_test282,nontr,nontr
lyrics_test283,nontr,nontr
lyrics_test284,ntr,ntr
lyrics_test285,nontr,nontr
lyrics_test286,nontr,nontr
lyrics_test287,nontr,nontr
lyrics_test288,nontr,ntr
lyrics_test289,nontr,nontr
lyrics_test290,nontr,nontr
lyrics_test291,ntr,ntr
lyrics_test292,ntr,ntr
lyrics_test293,ntr,nontr
lyrics_test294,ntr,ntr
lyrics_test295,nontr,ntr
lyrics_test296,nontr,nontr
lyrics_test297,nontr,nontr
lyrics_test298,nontr,ntr
lyrics_test299,ntr,ntr
lyrics_test300,nontr,nontr
lyrics_test301,nontr,nontr
lyrics_test302,nontr,ntr
lyrics_test303,ntr,ntr
lyrics_test304,nontr,nontr
lyrics_test305,nontr,nontr
lyrics_test306,nontr,nontr
lyrics_test307,nontr,nontr
lyrics_test308,nontr,nontr
lyrics_test309,nontr,nontr
lyrics_test310,ntr,ntr
lyrics_test311,nontr,nontr
lyrics_test312,nontr,ntr
lyrics_test313,ntr,ntr
lyrics_test314,nontr,nontr
lyrics_test315,nontr,nontr
lyrics_test316,nontr,nontr
lyrics_test317,nontr,nontr
lyrics_test318,ntr,ntr
lyrics_test319,nontr,ntr
lyrics_test320,nontr,nontr
lyrics_test321,ntr,ntr
lyrics_test322,ntr,ntr
lyrics_test323,ntr,ntr
lyrics_test324,nontr,nontr
lyrics_test325,ntr,ntr
lyrics_test326,ntr,ntr
lyrics_test327,nontr,ntr
lyrics_test328,ntr,ntr
lyrics_test329,nontr,nontr
lyrics_test330,nontr,ntr
lyrics_test331,ntr,ntr
lyrics_test332,ntr,ntr
lyrics_test333,nontr,ntr
lyrics_test334,nontr,nontr
lyrics_test335,nontr,nontr
lyrics_test336,nontr,nontr
lyrics_test337,ntr,ntr
lyrics_test338,nontr,ntr
lyrics_test339,nontr,ntr
lyrics_test340,ntr,ntr
lyrics_test341,nontr,ntr
lyrics_test342,ntr,nontr
lyrics_test343,ntr,ntr
lyrics_test344,nontr,ntr
lyrics_test345,nontr,ntr
lyrics_test346,nontr,ntr
lyrics_test347,ntr,ntr
lyrics_test348,ntr,ntr
lyrics_test349,nontr,ntr
lyrics_test350,nontr,nontr
lyrics_test351,nontr,nontr
lyrics_test352,ntr,ntr
lyrics_test353,nontr,nontr
lyrics_test354,nontr,nontr
lyrics_test355,nontr,nontr
lyrics_test356,nontr,nontr
lyrics_test357,nontr,ntr
lyrics_test358,nontr,ntr
lyrics_test359,nontr,ntr
lyrics_test360,ntr,ntr
lyrics_test361,ntr,ntr
lyrics_test362,ntr,ntr
lyrics_test363,ntr,ntr
lyrics_test364,ntr,ntr
